"id";"content_type";"file_name";"file_path";"register_date";"save_file_name";"size"
1;"image/jpeg";"함덕.jpg";"c:/image/9e04d608-bc24-44b3-9cbb-6633aaf2105c함덕.jpg";"2021-12-16 12:22:22.579425";"9e04d608-bc24-44b3-9cbb-6633aaf2105c함덕.jpg";715500
2;"image/jpeg";"함덕.jpg";"c:/image/6109721b-f49a-42da-bbe2-e6d4c04fc979함덕.jpg";"2021-12-16 12:24:45.274464";"6109721b-f49a-42da-bbe2-e6d4c04fc979함덕.jpg";715500
3;"image/jpeg";"시시.jpg";"c:/image/609c9bcb-0c49-43b0-a3bf-a0cf1e7737c5시시.jpg";"2021-12-16 12:46:23.272671";"609c9bcb-0c49-43b0-a3bf-a0cf1e7737c5시시.jpg";265647
4;"image/jpeg";"mgsj.jpg";"c:/image/7d345549-2775-4c7f-b0a4-10f4e868525emgsj.jpg";"2021-12-16 12:51:35.476464";"7d345549-2775-4c7f-b0a4-10f4e868525emgsj.jpg";138629
5;"image/jpeg";"mgsj.jpg";"c:/image/69545f63-2317-431e-a0b6-32f87d8b852amgsj.jpg";"2021-12-16 13:58:28.527835";"69545f63-2317-431e-a0b6-32f87d8b852amgsj.jpg";138629
6;"image/jpeg";"6d499b94-5dfe-4bd2-bbd4-1b78108cbef5함덕.jpg";"c:/image/0f7bb34d-039e-485e-9ddf-59bf271aaef06d499b94-5dfe-4bd2-bbd4-1b78108cbef5함덕.jpg";"2021-12-16 14:37:59.850914";"0f7bb34d-039e-485e-9ddf-59bf271aaef06d499b94-5dfe-4bd2-bbd4-1b78108cbef5함덕.jpg";715500
7;"image/jpeg";"닭머르해안길4.jpg";"c:/image/e5676737-598a-41ad-8646-eb63fe6db2ea닭머르해안길4.jpg";"2021-12-16 14:38:14.444077";"e5676737-598a-41ad-8646-eb63fe6db2ea닭머르해안길4.jpg";469355
8;"image/jpeg";"거문오름 [세계자연유산]12.jpg";"c:/image/b2413e89-2186-4550-874c-487793ffa31a거문오름 [세계자연유산]12.jpg";"2021-12-16 15:33:49.514648";"b2413e89-2186-4550-874c-487793ffa31a거문오름 [세계자연유산]12.jpg";356665
9;"image/jpeg";"해운대.jpg";"c:/image/60a0045a-553d-44b3-9f8d-222d37562cab해운대.jpg";"2021-12-16 15:51:54.421010";"60a0045a-553d-44b3-9f8d-222d37562cab해운대.jpg";10232
10;"image/jpeg";"시시.jpg";"c:/image/bc51a18d-5714-4a1f-bafb-3fe9aa7e7e74시시.jpg";"2021-12-16 16:35:57.311330";"bc51a18d-5714-4a1f-bafb-3fe9aa7e7e74시시.jpg";265647
11;"image/jpeg";"시시.jpg";"c:/image/4bb28d42-0fa0-4ddf-83d7-a6d90e2568c5시시.jpg";"2021-12-16 16:39:55.368065";"4bb28d42-0fa0-4ddf-83d7-a6d90e2568c5시시.jpg";265647
12;"image/jpeg";"시시.jpg";"c:/image/d4965675-97f3-4ef2-846b-5a7b021b008d시시.jpg";"2021-12-16 16:50:56.776897";"d4965675-97f3-4ef2-846b-5a7b021b008d시시.jpg";265647
13;"image/jpeg";"시시.jpg";"c:/image/4b0acfb1-04e0-4c60-8ae3-7b7e278b8755시시.jpg";"2021-12-16 16:53:09.833472";"4b0acfb1-04e0-4c60-8ae3-7b7e278b8755시시.jpg";265647
14;"image/jpeg";"1857230_image2_1.jpg";"c:/image/2a87eb04-3983-4296-95e7-3cae1c5c28791857230_image2_1.jpg";"2021-12-16 19:14:34.378177";"2a87eb04-3983-4296-95e7-3cae1c5c28791857230_image2_1.jpg";385226
15;"image/jpeg";"1533882065889.jpg";"c:/image/d84db906-3dcf-47c8-8ec7-16b86c34fb1e1533882065889.jpg";"2021-12-17 11:54:22.047051";"d84db906-3dcf-47c8-8ec7-16b86c34fb1e1533882065889.jpg";42869
16;"image/jpeg";"1533882065889.jpg";"c:/image/6541d586-6cd4-4dd8-9bdb-76878401bb151533882065889.jpg";"2021-12-17 11:54:42.406463";"6541d586-6cd4-4dd8-9bdb-76878401bb151533882065889.jpg";42869
17;"image/png";"locker.png";"c:/image/b8f50daa-7125-4cc9-a13e-79b8b1c16264locker.png";"2021-12-17 12:34:49.192294";"b8f50daa-7125-4cc9-a13e-79b8b1c16264locker.png";13442
18;"image/png";"751463.png";"c:/image/51d074ab-c90c-4015-9a59-3e33f7f42886751463.png";"2021-12-17 12:46:11.678398";"51d074ab-c90c-4015-9a59-3e33f7f42886751463.png";25107
19;"image/jpeg";"narrow02.jpg";"c:/image/1786b0ad-7109-4e35-ac27-a374b52eefacnarrow02.jpg";"2021-12-17 13:15:27.713181";"1786b0ad-7109-4e35-ac27-a374b52eefacnarrow02.jpg";483888
20;"image/jpeg";"용마산.jpg";"c:/image/6bbbc610-cc6f-456e-a025-3e8bbc4598e7용마산.jpg";"2021-12-19 23:09:09.169761";"6bbbc610-cc6f-456e-a025-3e8bbc4598e7용마산.jpg";407667
21;"image/jpeg";"20.jpg";"c:/image/7bcc9593-7e8c-4b73-98a2-13c346fa97f620.jpg";"2021-12-19 23:09:13.679990";"7bcc9593-7e8c-4b73-98a2-13c346fa97f620.jpg";407667
22;"image/jpeg";"용마산.jpg";"c:/image/b180bad9-841d-458b-bb33-c3e8be019c5d용마산.jpg";"2021-12-19 23:10:35.658949";"b180bad9-841d-458b-bb33-c3e8be019c5d용마산.jpg";407667
23;"image/jpeg";"시시.jpg";"c:/image/e93ca70a-cba2-4a83-bf56-4aba8e9143c5시시.jpg";"2021-12-20 11:11:55.250959";"e93ca70a-cba2-4a83-bf56-4aba8e9143c5시시.jpg";265647
24;"image/jpeg";"23.jpg";"c:/image/82b5d014-da9f-47eb-8214-0e06770f7d0223.jpg";"2021-12-20 11:21:37.175226";"82b5d014-da9f-47eb-8214-0e06770f7d0223.jpg";265647
25;"image/jpeg";"23.jpg";"c:/image/f307f46a-71b2-48cd-bda7-f7e0ddd0322323.jpg";"2021-12-20 11:21:47.381597";"f307f46a-71b2-48cd-bda7-f7e0ddd0322323.jpg";265647
26;"image/jpeg";"시시.jpg";"c:/image/72bae506-9190-4338-82cb-c2f3036a3a36시시.jpg";"2021-12-20 12:24:05.361482";"72bae506-9190-4338-82cb-c2f3036a3a36시시.jpg";265647
27;"image/jpeg";"시시.jpg";"c:/image/d3105713-e1fd-4247-a041-296bc3af9810시시.jpg";"2021-12-20 13:20:52.178009";"d3105713-e1fd-4247-a041-296bc3af9810시시.jpg";265647
28;"image/jpeg";"img_chania.jpg";"c:/image/d5d3804d-80b1-4215-a660-5dfdd3b973edimg_chania.jpg";"2021-12-20 13:25:04.203993";"d5d3804d-80b1-4215-a660-5dfdd3b973edimg_chania.jpg";45427
29;"image/jpeg";"시시.jpg";"c:/image/f781618f-f7a3-45c7-9b31-08e9d5ec1efa시시.jpg";"2021-12-20 13:57:36.032635";"f781618f-f7a3-45c7-9b31-08e9d5ec1efa시시.jpg";265647
30;"image/jpeg";"3bf24168-5e69-41f7-93e0-4b3c74888451거문오름 [세계자연유산]9.jpg";"c:/image/75fc190c-7e51-418e-be92-ce77fcc068913bf24168-5e69-41f7-93e0-4b3c74888451거문오름 [세계자연유산]9.jpg";"2021-12-20 14:01:07.504296";"75fc190c-7e51-418e-be92-ce77fcc068913bf24168-5e69-41f7-93e0-4b3c74888451거문오름 [세계자연유산]9.jpg";343724
31;"image/jpeg";"6be12f69-020c-4c4d-b67c-93392294747b함덕.jpg";"c:/image/e70e667a-e3ea-4bdb-b088-57792e6661cb6be12f69-020c-4c4d-b67c-93392294747b함덕.jpg";"2021-12-20 14:04:06.998622";"e70e667a-e3ea-4bdb-b088-57792e6661cb6be12f69-020c-4c4d-b67c-93392294747b함덕.jpg";715500
32;"image/jpeg";"월미도.jpg";"c:/image/3f0b6366-d341-483b-bacd-77748c012876월미도.jpg";"2021-12-20 14:06:08.597810";"3f0b6366-d341-483b-bacd-77748c012876월미도.jpg";129367
33;"image/jpeg";"불국사.jpg";"c:/image/1c169835-143c-442a-ab97-6c3d9a0f4c28불국사.jpg";"2021-12-20 14:25:54.865137";"1c169835-143c-442a-ab97-6c3d9a0f4c28불국사.jpg";260115
34;"image/jpeg";"월미도.jpg";"c:/image/57fae314-3f9b-4c67-87f3-324b39c93371월미도.jpg";"2021-12-20 14:36:46.766812";"57fae314-3f9b-4c67-87f3-324b39c93371월미도.jpg";129367
35;"image/jpeg";"불국사.jpg";"c:/image/c5e3d367-3974-4880-8f81-93a5bbf0cd9f불국사.jpg";"2021-12-20 14:37:04.145440";"c5e3d367-3974-4880-8f81-93a5bbf0cd9f불국사.jpg";260115
36;"image/jpeg";"1857230_image2_1.jpg";"c:/image/75bbc1dc-7a9c-42f1-8d5b-cdaf75d0001a1857230_image2_1.jpg";"2021-12-20 15:35:05.761921";"75bbc1dc-7a9c-42f1-8d5b-cdaf75d0001a1857230_image2_1.jpg";385226
37;"image/jpeg";"함덕.jpg";"c:/image/5bacb96c-eed8-418b-9b07-f102a1a2cf1b함덕.jpg";"2021-12-20 15:54:14.628434";"5bacb96c-eed8-418b-9b07-f102a1a2cf1b함덕.jpg";715500
38;"image/jpeg";"mgsj.jpg";"c:/image/085d0485-2bba-4220-bb7e-e4c5aca46e81mgsj.jpg";"2021-12-20 15:55:37.879176";"085d0485-2bba-4220-bb7e-e4c5aca46e81mgsj.jpg";138629
39;"image/jpeg";"월미도.jpg";"c:/image/6b28a0a5-d032-4abb-8197-5332f0d8bc21월미도.jpg";"2021-12-20 15:56:04.222499";"6b28a0a5-d032-4abb-8197-5332f0d8bc21월미도.jpg";129367
40;"image/jpeg";"함덕.jpg";"c:/image/24cbaa58-0c98-4158-800c-252c7b6e61f1함덕.jpg";"2021-12-20 15:58:16.435364";"24cbaa58-0c98-4158-800c-252c7b6e61f1함덕.jpg";715500
41;"image/jpeg";"1857230_image2_1.jpg";"c:/image/d20ddb73-3449-4b75-8c55-03b58a35d9ae1857230_image2_1.jpg";"2021-12-20 16:02:07.603835";"d20ddb73-3449-4b75-8c55-03b58a35d9ae1857230_image2_1.jpg";385226
42;"image/jpeg";"불국사.jpg";"c:/image/a18ed4f0-3350-454d-9b6a-54a623ea730e불국사.jpg";"2021-12-20 16:09:33.356916";"a18ed4f0-3350-454d-9b6a-54a623ea730e불국사.jpg";260115
43;"image/jpeg";"2732568_image2_1.jpg";"c:/image/ae252613-1202-4321-b537-3ed8aceeb8212732568_image2_1.jpg";"2021-12-20 16:47:45.145255";"ae252613-1202-4321-b537-3ed8aceeb8212732568_image2_1.jpg";833656
44;"image/jpeg";"용마산.jpg";"c:/image/4c1682f4-a0d9-4696-8e15-ab0568479402용마산.jpg";"2021-12-20 22:03:14.467158";"4c1682f4-a0d9-4696-8e15-ab0568479402용마산.jpg";407667
45;"image/jpeg";"아.jpg";"c:/image/32f5bf8b-2916-48d9-8815-12b0a33f2843아.jpg";"2021-12-21 00:48:47.939278";"32f5bf8b-2916-48d9-8815-12b0a33f2843아.jpg";28510
46;"image/jpeg";"용마산.jpg";"c:/image/fbc77bf0-e810-468e-8ccc-df2e9be1bda5용마산.jpg";"2021-12-21 00:49:31.386336";"fbc77bf0-e810-468e-8ccc-df2e9be1bda5용마산.jpg";407667
47;"image/jpeg";"아.jpg";"c:/image/14ca2c52-bcc7-49ff-b07f-62c91f218118아.jpg";"2021-12-21 00:49:35.037044";"14ca2c52-bcc7-49ff-b07f-62c91f218118아.jpg";46163
48;"image/png";"사나이.png";"c:/image/3756ddc9-659c-42cf-89a9-89022ccfe0ac사나이.png";"2021-12-21 00:52:42.968705";"3756ddc9-659c-42cf-89a9-89022ccfe0ac사나이.png";192345
49;"image/jpeg";"color.jpg";"c:/image/527b68cf-53e3-4a77-af0e-95a0dbec5b52color.jpg";"2021-12-21 11:12:20.279922";"527b68cf-53e3-4a77-af0e-95a0dbec5b52color.jpg";11003
50;"image/jpeg";"color.jpg";"c:/image/ba80649c-517a-4a81-af2d-4981272a5a46color.jpg";"2021-12-21 11:25:34.411633";"ba80649c-517a-4a81-af2d-4981272a5a46color.jpg";11003
51;"image/jpeg";"color.jpg";"c:/image/fc04f3b9-232c-41c2-bc42-6c1a1132662bcolor.jpg";"2021-12-21 12:05:57.739662";"fc04f3b9-232c-41c2-bc42-6c1a1132662bcolor.jpg";11003
52;"image/jpeg";"color.jpg";"c:/image/2ec3cc12-0765-4826-8ad9-95e327e1c263color.jpg";"2021-12-21 12:16:13.150435";"2ec3cc12-0765-4826-8ad9-95e327e1c263color.jpg";11003
53;"image/jpeg";"시시.jpg";"c:/image/9cf5ba2d-4775-4bfb-b130-7fa1a426cc87시시.jpg";"2021-12-21 12:37:47.135231";"9cf5ba2d-4775-4bfb-b130-7fa1a426cc87시시.jpg";265647
54;"image/jpeg";"2665278_image2_1.jpg";"c:/image/ce80595f-a7d2-45c4-8c99-5570e1f70dfd2665278_image2_1.jpg";"2021-12-21 16:16:00.625055";"ce80595f-a7d2-45c4-8c99-5570e1f70dfd2665278_image2_1.jpg";455638
55;"image/jpeg";"시시.jpg";"c:/image/330e9739-b946-4528-8fbc-b46f54e840d8시시.jpg";"2021-12-22 15:51:06.835512";"330e9739-b946-4528-8fbc-b46f54e840d8시시.jpg";265647
56;"image/png";"사나이.png";"c:/image/8f6576c2-991e-4407-994c-d777ab2cd828사나이.png";"2021-12-23 11:06:42.874460";"8f6576c2-991e-4407-994c-d777ab2cd828사나이.png";192345
57;"image/jpeg";"시시.jpg";"c:/image/9c16fd6b-45d0-4adc-8880-009fa1149bfe시시.jpg";"2021-12-23 14:18:44.191005";"9c16fd6b-45d0-4adc-8880-009fa1149bfe시시.jpg";265647
58;"image/jpeg";"수원화성.jpg";"c:/image/22f82088-cd6c-43d4-afc1-1dfc726a0031수원화성.jpg";"2021-12-23 14:36:20.164610";"22f82088-cd6c-43d4-afc1-1dfc726a0031수원화성.jpg";507706
59;"image/jpeg";"강남문화원.jpg";"c:/image/6488bac0-dc42-406a-a5aa-159a838b30dd강남문화원.jpg";"2021-12-23 14:42:56.292923";"6488bac0-dc42-406a-a5aa-159a838b30dd강남문화원.jpg";226629
60;"image/jpeg";"국사봉.jpg";"c:/image/4b221d7f-1e2e-4ba4-9a14-8cb59790a9de국사봉.jpg";"2021-12-23 14:47:11.458856";"4b221d7f-1e2e-4ba4-9a14-8cb59790a9de국사봉.jpg";77553
61;"image/jpeg";"여의도.jpg";"c:/image/6b25883b-e487-461b-b01b-93c1ae38a713여의도.jpg";"2021-12-23 14:47:54.423965";"6b25883b-e487-461b-b01b-93c1ae38a713여의도.jpg";466172
62;"image/jpeg";"홍대.jpg";"c:/image/9cc085bd-eccf-4f63-9263-fe441f35414a홍대.jpg";"2021-12-23 14:49:14.759552";"9cc085bd-eccf-4f63-9263-fe441f35414a홍대.jpg";174041
63;"image/jpeg";"시시.jpg";"c:/image/ca7000fc-bfc4-48b6-a7ac-be06bc817ba7시시.jpg";"2021-12-23 14:50:14.186521";"ca7000fc-bfc4-48b6-a7ac-be06bc817ba7시시.jpg";265647
64;"image/jpeg";"시시.jpg";"c:/image/608fa1c8-497c-4d01-9164-6522c47a145f시시.jpg";"2021-12-23 14:51:51.987711";"608fa1c8-497c-4d01-9164-6522c47a145f시시.jpg";265647
65;"image/jpeg";"시시.jpg";"c:/image/8aa28358-f5ff-4647-836f-d973a73b02e0시시.jpg";"2021-12-23 15:08:22.491152";"8aa28358-f5ff-4647-836f-d973a73b02e0시시.jpg";265647
66;"image/jpeg";"다운로드.jpg";"c:/image/8f5a5180-b02a-4206-bdc0-754aba2d24bd다운로드.jpg";"2021-12-23 15:34:10.107914";"8f5a5180-b02a-4206-bdc0-754aba2d24bd다운로드.jpg";10389
67;"image/jpeg";"시시.jpg";"c:/image/03fce43b-020e-4305-8bb8-c25343180691시시.jpg";"2021-12-23 15:42:51.216986";"03fce43b-020e-4305-8bb8-c25343180691시시.jpg";265647
68;"image/jpeg";"수원화성.jpg";"c:/image/2d0b9f27-33f2-46ad-b177-62dfa521b47e수원화성.jpg";"2021-12-24 13:01:49.799534";"2d0b9f27-33f2-46ad-b177-62dfa521b47e수원화성.jpg";507706
69;"image/jpeg";"제주.jpg";"c:/image/e4c9df0e-6e68-4898-97ec-0758f4bda535제주.jpg";"2021-12-28 15:08:11.588392";"e4c9df0e-6e68-4898-97ec-0758f4bda535제주.jpg";111008
70;"image/jpeg";"d620f60fc8ee3f6ba8d40082a9c7d2bc.jpg";"c:/image/59d26640-0e7f-4f96-a33e-6e3964bf8890d620f60fc8ee3f6ba8d40082a9c7d2bc.jpg";"2021-12-28 15:09:32.875328";"59d26640-0e7f-4f96-a33e-6e3964bf8890d620f60fc8ee3f6ba8d40082a9c7d2bc.jpg";273538
71;"image/jpeg";"70.jpg";"c:/image/2d28f120-994f-4416-b2c8-fe8373196b4270.jpg";"2021-12-28 15:09:54.861443";"2d28f120-994f-4416-b2c8-fe8373196b4270.jpg";273538
72;"image/jpeg";"제주.jpg";"c:/image/9bf9d716-5ce6-48d4-89a0-b787a75e80e7제주.jpg";"2021-12-28 15:10:50.382600";"9bf9d716-5ce6-48d4-89a0-b787a75e80e7제주.jpg";111008
73;"image/jpeg";"zzzz.jpg";"c:/image/31d1cff5-331f-4416-96e8-433ef45ba4cbzzzz.jpg";"2021-12-28 15:15:47.346304";"31d1cff5-331f-4416-96e8-433ef45ba4cbzzzz.jpg";297923
74;"image/jpeg";"2732568_image2_1.jpg";"c:/image/f2b19a09-b29f-4fe2-9558-fe039f063edc2732568_image2_1.jpg";"2021-12-28 15:24:19.502766";"f2b19a09-b29f-4fe2-9558-fe039f063edc2732568_image2_1.jpg";833656
75;"image/jpeg";"color.jpg";"c:/image/e71e92ce-9a44-422d-87ed-a4702cc17484color.jpg";"2021-12-28 15:56:57.432013";"e71e92ce-9a44-422d-87ed-a4702cc17484color.jpg";11003
76;"image/jpeg";"poong.jpg";"c:/image/dd2b0bcc-02b5-4cd6-bfeb-5e8d9c963404poong.jpg";"2021-12-28 15:57:06.449554";"dd2b0bcc-02b5-4cd6-bfeb-5e8d9c963404poong.jpg";386766
77;"image/jpeg";"1857230_image2_1.jpg";"c:/image/ec791d98-8852-440c-b4da-14404c7a613c1857230_image2_1.jpg";"2021-12-28 16:05:57.561470";"ec791d98-8852-440c-b4da-14404c7a613c1857230_image2_1.jpg";385226
78;"image/jpeg";"2732568_image2_1.jpg";"c:/image/6c1959ca-8c33-4a75-855b-de81150cccd22732568_image2_1.jpg";"2021-12-28 16:06:14.428226";"6c1959ca-8c33-4a75-855b-de81150cccd22732568_image2_1.jpg";833656
79;"image/jpeg";"2665278_image2_1.jpg";"c:/image/cbdde934-a496-41ee-a19b-d96bb51320a02665278_image2_1.jpg";"2021-12-28 16:06:32.038002";"cbdde934-a496-41ee-a19b-d96bb51320a02665278_image2_1.jpg";455638
